Backend,Mode,Shards,Payload,OfferedRate,Completed,Backlog,MidpointBacklog,Seconds,InjectedLatencyMS,Throughput,AckP50US,AckP95US,AckP99US,CoordinationOpsPerRecord,CPUSeconds,AllocBytesPerRecord,AllocsPerRecord,HeapBytes
memory,async,1,1024,1157,5783,2,2,5,0,1156.6,1.708,5.209,12,1.010894,0.455339,3626.281169,42.795089,2636544
memory,async,1,1024,2314,11564,6,6,5,0,2312.8,1.291,4.209,9.833,1.010204,0.514028,2917.686614,29.43203,2781896
memory,async,1,1024,5785,28919,6,1,5,0,5783.8,1.042,3.583,12.083,1.009682,0.725234,2474.42996,21.007123,2615680
memory,async,1,16384,1157,5782,3,2,5,0,1156.4,1.75,5.458,10.708,1.010896,0.552222,18986.062954,42.648392,2278432
memory,async,1,16384,2314,11564,6,6,5,0,2312.8,1.292,4.292,10.208,1.010204,0.714361,18276.267036,29.284763,2600392
memory,async,1,16384,5785,28912,13,14,5,0,5782.4,1.042,3.708,10.667,1.00965,1.259013,17836.154123,20.839133,2400824
memory,async,4,1024,1157,5782,3,2,5,0,1156.4,2.5,6.916,25,1.012452,0.948349,9410.302318,137.708578,2310040
memory,async,4,1024,1157,4324,1461,728,5,1,864.8,1154.209,1209.584,1281.875,1.016883,0.848346,13190.247919,192.631822,3923984
memory,async,4,1024,2314,11565,5,7,5,0,2313,1.917,5.792,26.958,1.011414,1.071755,5811.034674,79.087592,2124848
memory,async,4,1024,2314,4315,7255,3619,5,1,863,1155.208,1199.459,1256.875,1.016918,0.710137,10660.368019,138.356663,12610744
memory,async,4,1024,5785,28915,10,13,5,0,5783,1.5,4.375,24.25,1.01079,1.254493,3325.416704,37.505516,3533008
memory,async,4,1024,5785,4327,24598,12297,5,1,865.4,1155.208,1182.75,1220.25,1.016871,0.467943,6502.678068,67.30691,13271728
memory,async,4,16384,1157,5783,2,1,5,0,1156.6,2.458,7.875,24.041,1.01245,1.029108,24755.231541,137.395124,3317440
memory,async,4,16384,2314,11565,5,7,5,0,2313,1.792,5.75,26.417,1.011068,1.28063,21161.696152,78.796887,3570352
memory,async,4,16384,5785,28920,5,8,5,0,5784,1.459,5.416,29.667,1.010788,1.894433,18680.115629,37.383402,3228456
memory,automatic,1,1024,1157,5784,1,0,5,0,1156.8,0,0,0,0.010201,0.223025,2421.969571,25.877766,1574712
memory,automatic,1,1024,2314,11570,0,1,5,0,2314,0,0,0,0.010026,0.244287,2078.701469,17.99516,2240232
memory,automatic,1,1024,5785,28921,4,1,5,0,5784.2,0,0,0,0.009785,0.30798,1823.148301,12.813284,998920
memory,automatic,1,16384,1157,5784,1,0,5,0,1156.8,0,0,0,0.010201,0.270231,17778.073306,25.795124,638984
memory,automatic,1,16384,2314,11569,1,3,5,0,2313.8,0,0,0,0.010027,0.357164,17436.171147,17.963955,2451760
memory,automatic,1,16384,5785,28924,1,2,5,0,5784.8,0,0,0,0.009646,0.611522,17181.540313,12.744918,1523640
memory,automatic,4,1024,1157,5785,0,1,5,0,1157,0,0,0,0.999136,0.462694,6567.879689,104.312532,923280
memory,automatic,4,1024,1157,5784,1,0,5,1,1156.8,0,0,0,0.996542,0.429727,5959.450899,90.789592,2409808
memory,automatic,4,1024,2314,11567,3,1,5,0,2313.4,0,0,0,0.375119,0.455645,3860.408403,53.366214,1440336
memory,automatic,4,1024,2314,11570,0,3,5,1,2314,0,0,0,0.505272,0.460263,3778.892999,50.633708,1979312
memory,automatic,4,1024,5785,28924,1,6,5,0,5784.8,0,0,0,0.010095,0.478966,2262.976075,22.689324,1522120
memory,automatic,4,1024,5785,28924,1,1,5,1,5784.8,0,0,0,0.010095,0.482372,2325.686904,23.979256,3159832
memory,automatic,4,16384,1157,5784,1,1,5,0,1156.8,0,0,0,1.000173,0.531449,21932.771784,104.406812,1701240
memory,automatic,4,16384,2314,11569,1,2,5,0,2313.8,0,0,0,0.374881,0.603717,19219.288098,53.340479,3197872
memory,automatic,4,16384,5785,28920,5,6,5,0,5784,0,0,0,0.010131,0.836616,17623.73361,22.691355,2843880
memory,batch,1,1024,1157,5785,0,0,5,0,1157,4.708,11.459,18.375,1.01089,0.472097,3414.644771,38.849438,2842104
memory,batch,1,1024,2314,11569,1,3,5,0,2313.8,1.292,8.041,14.084,1.0102,0.48956,2610.68649,23.490103,2198080
memory,batch,1,1024,5785,28925,0,0,5,0,5785,1.042,6.666,11.75,1.009957,0.564165,2111.242731,13.794849,2559264
memory,batch,1,16384,1157,5784,1,0,5,0,1156.8,4.667,11.958,18.5,1.010892,0.490865,18768.84509,38.725968,1723920
memory,batch,1,16384,2314,11568,2,2,5,0,2313.6,1.25,9.542,16.5,1.010201,0.566581,17967.039419,23.418828,1167072
memory,batch,1,16384,5785,28923,2,3,5,0,5784.6,1.042,8.042,14.458,1.009785,0.958125,17470.914912,13.719427,2606544
memory,batch,4,1024,1157,5784,1,1,5,0,1156.8,2.584,14.667,36.542,1.012448,0.845997,9133.994467,133.134855,1531464
memory,batch,4,1024,1157,5782,3,1,5,1,1156.4,1138.458,1188.167,1222.458,1.012625,0.814042,9615.738499,141.063127,935960
memory,batch,4,1024,2314,11569,1,2,5,0,2313.8,2.292,15,39.042,1.01141,0.951632,5567.247645,75.151958,3151880
memory,batch,4,1024,2314,11566,4,3,5,1,2313.2,1144.875,1199,1249.083,1.011672,0.884961,5956.794743,81.418814,2596288
memory,batch,4,1024,5785,28924,1,5,5,0,5784.8,1.625,17.208,41.542,1.010787,1.005911,3068.367031,32.632174,2773152
memory,batch,4,1024,5785,17468,11457,5735,5,1,3493.6,1144.083,1180.833,1213.334,1.011221,0.439681,2110.024273,10.864839,2986376
memory,batch,4,16384,1157,5784,1,1,5,0,1156.8,2.583,13.416,35.041,1.012448,0.931137,24482.640387,132.974931,1098400
memory,batch,4,16384,2314,11569,1,3,5,0,2313.8,2.291,14.625,38.708,1.011323,1.120557,20939.952632,75.360273,1809496
memory,batch,4,16384,5785,28922,3,4,5,0,5784.4,1.75,16.541,46.708,1.010788,1.525715,18440.283798,32.861247,1647304
memory,sync,1,1024,1157,5784,1,1,5,0,1156.8,5.834,14.875,27.042,1.010892,0.490775,3551.258645,41.468188,2733224
memory,sync,1,1024,2314,11569,1,2,5,0,2313.8,5.375,12.208,26.291,1.010545,0.607255,2888.520702,28.828853,1202232
memory,sync,1,1024,5785,28919,6,2,5,0,5783.8,4.042,9.25,21.625,1.010166,0.899137,2456.604447,20.775753,1868760
memory,sync,1,16384,1157,5784,1,1,5,0,1156.8,7.209,17.291,29.792,1.010892,0.567926,18899.477178,41.256224,1863656
memory,sync,1,16384,2314,11569,1,2,5,0,2313.8,5.666,13.5,28.416,1.010632,0.739163,18243.613104,28.731697,3686696
memory,sync,1,16384,5785,28920,5,5,5,0,5784,4.791,12.291,31.125,1.010131,1.282211,17816.808852,20.687379,2769728
memory,sync,4,1024,1157,5784,1,0,5,0,1156.8,2.458,12.625,37.125,1.012448,0.754737,9148.710927,133.39713,2783144
memory,sync,4,1024,1157,5783,2,1,5,1,1156.6,1137.292,1188.083,1226.792,1.012623,0.798168,9616.495245,141.081446,1329496
memory,sync,4,1024,2314,11568,2,1,5,0,2313.6,2.167,13.833,39.75,1.011324,0.877378,5568.630705,75.159837,1413016
memory,sync,4,1024,2314,11566,4,4,5,1,2313.2,1144.458,1200.834,1277.125,1.011586,0.881757,5961.034757,81.503545,2557672
memory,sync,4,1024,5785,28925,0,2,5,0,5785,1.833,18.084,44.791,1.010787,1.110055,3270.717787,36.528539,2848648
memory,sync,4,1024,5785,17355,11570,5780,5,1,3471,1145.917,1185.416,1216.541,1.011294,0.577213,2510.453472,18.754768,2093584
memory,sync,4,16384,1157,5784,1,0,5,0,1156.8,2.583,14.791,36.5,1.012448,0.923164,24482.413555,132.951591,1393024
memory,sync,4,16384,2314,11568,2,1,5,0,2313.6,2.291,16.958,42.959,1.011411,1.144853,20945.434993,75.436203,2867992
memory,sync,4,16384,5785,28921,4,1,5,0,5784.2,2,17.875,47.917,1.010788,1.651147,18633.457211,36.554026,1197112
valkey,async,1,1024,1157,5780,5,3,5,0,1156,421.792,735.084,1403.666,1.011073,1.299618,4844.541176,51.832353,15572608
valkey,async,1,1024,2314,11563,7,5,5,0,2312.6,280.417,348.375,553.042,1.010637,1.068168,3697.280637,36.372914,12040728
valkey,async,1,1024,5785,28904,21,14,5,0,5780.8,132.208,179.916,445.292,1.010172,1.513466,2868.972045,25.80712,22055168
valkey,async,1,16384,1157,5779,6,3,5,0,1155.8,421.542,619.541,1294.708,1.011075,1.267255,20714.455788,53.327911,19410344
valkey,async,1,16384,2314,11564,6,6,5,0,2312.8,291.666,337.25,457.416,1.010723,1.071094,19191.300588,36.770581,20694480
valkey,async,1,16384,5785,28908,17,16,5,0,5781.6,136.042,171.166,414.625,1.01017,1.552948,18239.187215,25.799329,12827888
valkey,async,4,1024,1157,5783,2,3,5,0,1156.6,428.125,684.125,1293.708,1.012104,1.590035,11576.782985,155.525506,14834064
valkey,async,4,1024,1157,2996,2789,1395,5,1,599.2,1611.417,2034.333,2671.25,1.01769,1.430622,22417.492657,297.669226,22228056
valkey,async,4,1024,2314,11560,10,7,5,0,2312,280,339.375,534.958,1.011419,1.269986,7410.42699,97.231747,21743520
valkey,async,4,1024,2314,2795,8775,4347,5,1,559,1740.208,2158.458,2767.041,1.018962,1.017461,16861.020394,191.612165,28227480
valkey,async,4,1024,5785,28905,20,11,5,0,5781,149.042,183.208,376.458,1.010829,1.770251,3884.941152,44.942017,16598584
valkey,async,4,1024,5785,2696,26229,13090,5,1,539.2,1795.792,2235.5,2738.75,1.019659,0.81022,11700.332344,102.053042,25898080
valkey,async,4,16384,1157,5782,3,4,5,0,1156.4,437.042,704.708,1312.667,1.012452,1.616011,26953.12487,155.659979,18914120
valkey,async,4,16384,2314,11562,8,7,5,0,2312.4,288.5,339.416,528.041,1.011503,1.271499,22783.034769,97.265525,23577840
valkey,async,4,16384,5785,28909,16,15,5,0,5781.8,145.875,185.459,370.917,1.010723,1.871042,19255.862465,44.94628,14897552
valkey,automatic,1,1024,1157,5785,0,1,5,0,1157,0,0,0,0.010199,0.271089,3377.059291,28.256698,12135864
valkey,automatic,1,1024,2314,11568,2,3,5,0,2313.6,0,0,0,0.010028,0.355561,2670.681189,19.385979,14183560
valkey,automatic,1,1024,5785,28920,5,1,5,0,5784,0,0,0,0.009751,0.442704,2109.241217,13.35408,19318608
valkey,automatic,1,16384,1157,5785,0,1,5,0,1157,0,0,0,0.010199,0.330908,19222.303198,29.609853,18185336
valkey,automatic,1,16384,2314,11570,0,0,5,0,2314,0,0,0,0.010026,0.47655,17911.470354,18.95255,11493776
valkey,automatic,1,16384,5785,28923,2,0,5,0,5784.6,0,0,0,0.00975,0.638218,17374.135463,13.035992,10244744
valkey,automatic,4,1024,1157,5784,1,0,5,0,1156.8,0,0,0,1.00121,1.897685,8013.763485,107.694502,21394840
valkey,automatic,4,1024,1157,5784,1,1,5,1,1156.8,0,0,0,0.998617,1.253362,7221.907331,90.600795,14710816
valkey,automatic,4,1024,2314,11569,1,1,5,0,2313.8,0,0,0,0.821851,1.379326,5371.678797,69.181865,15265376
valkey,automatic,4,1024,2314,11568,2,1,5,1,2313.6,0,0,0,0.393413,1.274226,4323.19018,49.25147,17397200
valkey,automatic,4,1024,5785,28922,3,2,5,0,5784.4,0,0,0,0.0102,0.566375,2539.586474,23.160432,16935872
valkey,automatic,4,1024,5785,28919,6,13,5,1,5783.8,0,0,0,0.010201,0.556823,2596.854386,24.315122,20592712
valkey,automatic,4,16384,1157,5785,0,1,5,0,1157,0,0,0,0.999481,2.018177,23334.094382,106.838894,21497640
valkey,automatic,4,16384,2314,11568,2,0,5,0,2313.6,0,0,0,0.878198,1.427934,20793.625864,70.185685,19619512
valkey,automatic,4,16384,5785,28923,2,5,5,0,5784.6,0,0,0,0.010096,0.756926,17907.259966,23.244477,23870064
valkey,batch,1,1024,1157,5781,4,1,5,0,1156.2,432.458,635.292,1345.375,1.011071,1.169039,4930.001038,49.68604,11051144
valkey,batch,1,1024,2314,11567,3,3,5,0,2313.4,305.916,355.167,499.542,1.010634,1.01232,3429.024639,31.296793,14847512
valkey,batch,1,1024,5785,28918,7,5,5,0,5783.6,128.333,163.417,379.625,1.010167,1.445667,2558.169998,18.791203,12918880
valkey,batch,1,16384,1157,5782,3,2,5,0,1156.4,430.5,639.208,1354.292,1.011069,1.188686,20048.009685,48.796437,16822792
valkey,batch,1,16384,2314,11567,3,2,5,0,2313.4,303.208,350.334,473.583,1.01072,1.066155,18799.101582,31.315553,14030680
valkey,batch,1,16384,5785,28917,8,6,5,0,5783.4,129.125,164.958,404.5,1.010167,1.509751,17873.950133,18.605872,14356392
valkey,batch,4,1024,1157,5783,2,1,5,0,1156.6,470.792,819.292,1899.958,1.01245,1.563617,11187.79872,152.450804,13013472
valkey,batch,4,1024,1157,5782,3,2,5,1,1156.4,1561.666,1911,2925.584,1.012798,1.649539,10638.608094,140.048772,14615688
valkey,batch,4,1024,2314,11566,4,2,5,0,2313.2,481.083,865.792,1641.708,1.011413,2.041312,7120.121736,92.568649,13271336
valkey,batch,4,1024,2314,10948,622,178,5,1,2189.6,1736.709,2407.917,3838.417,1.012422,1.580254,3106.113263,18.708349,20517528
valkey,batch,4,1024,5785,28917,8,5,5,0,5783.4,274.75,443.667,993.209,1.010893,1.988001,3677.291005,41.05993,20111968
valkey,batch,4,1024,5785,11088,17837,8902,5,1,2217.6,1725.042,2297.25,3315.208,1.012266,1.367838,2961.73088,16.334235,13488768
valkey,batch,4,16384,1157,5783,2,1,5,0,1156.6,477.584,842.958,1750.917,1.012623,1.63947,26819.523431,153.525679,21825840
valkey,batch,4,16384,2314,11565,5,3,5,0,2313,458.75,888.25,1981.167,1.011673,1.935009,22410.204583,91.247817,21040904
valkey,batch,4,16384,5785,28918,7,4,5,0,5783.6,276.834,448.291,1042.542,1.010789,2.110006,19038.842797,41.003769,16393384
valkey,sync,1,1024,1157,5783,2,1,5,0,1156.6,454.333,723.458,1392.584,1.011067,1.155449,4938.620093,50.000173,11432680
valkey,sync,1,1024,2314,11566,4,3,5,0,2313.2,292.959,367.708,480.875,1.010721,1.317953,3649.0894,35.47778,15098064
valkey,sync,1,1024,5785,28919,6,5,5,0,5783.8,126.458,164.208,372.333,1.010166,1.439503,2875.738165,25.3543,23019248
valkey,sync,1,16384,1157,5783,2,1,5,0,1156.6,444.25,718.292,1484.958,1.011067,1.277503,20302.067439,49.93308,10807808
valkey,sync,1,16384,2314,11566,4,3,5,0,2313.2,292.042,362.417,522.375,1.010721,1.132384,19017.896593,35.493688,19671104
valkey,sync,1,16384,5785,28917,8,6,5,0,5783.4,128.833,164.959,360.5,1.010167,1.516019,18196.243317,25.265657,16742416
valkey,sync,4,1024,1157,5783,2,2,5,0,1156.6,585.458,1098.709,2015.458,1.012277,1.721654,11233.756874,149.952966,16235208
valkey,sync,4,1024,1157,5780,5,3,5,1,1156,1555.292,1884.958,2836.75,1.013149,1.573158,10654.445675,140.26263,15660440
valkey,sync,4,1024,2314,11563,7,4,5,0,2312.6,510.458,937.083,1664.583,1.011502,2.510709,6865.796766,88.443224,16556904
valkey,sync,4,1024,2314,10988,582,255,5,1,2197.6,1714.875,2389.542,3731.292,1.012377,1.641003,3478.592647,26.737077,22735920
valkey,sync,4,1024,5785,28916,9,6,5,0,5783.2,295.5,467.584,1060.334,1.010928,2.17068,3780.787107,43.107345,22253056
valkey,sync,4,1024,5785,11022,17903,8916,5,1,2204.4,1725.083,2322.417,3657.334,1.012339,1.595558,3354.02867,24.18327,20740968
valkey,sync,4,16384,1157,5782,3,1,5,0,1156.4,553.583,972.625,1732.75,1.012798,1.644897,26604.650294,149.968004,23158760
valkey,sync,4,16384,2314,11565,5,2,5,0,2313,496.334,927.792,1903.25,1.011673,2.429779,22217.304626,88.118807,17970080
valkey,sync,4,16384,5785,28919,6,5,5,0,5783.8,264.792,434.167,878.208,1.010823,2.048056,19189.594661,43.888689,15942296
